Click Number,Timestamp,Tab Number,Username,Email,User ID,Session ID,URL Clicked,Session Start Time,Session End Time,Time Taken (seconds),Interaction Duration (seconds)
1,"2025-09-18T20:31:42.073Z",1,"Rohit Kothari","rohit553@gmail.com","2596","x5x6g4","https://aiskillshouse.com/student/qr-mediator.html?uid=50&promptId=16","2025-09-18T20:31:23.706Z","2025-09-18T20:31:42.072Z",18.37,18.37
2,"2025-09-18T20:31:42.101Z",1,"Alka Sethi","alka603@gmail.com","1976","ermd2f","https://aiskillshouse.com/student/qr-mediator.html?uid=50&promptId=14","2025-09-18T20:31:23.706Z","2025-09-18T20:31:42.100Z",18.39,18.39
3,"2025-09-18T20:31:42.168Z",1,"Swati Mehta","swati828@gmail.com","4519","cm8gcm","https://aiskillshouse.com/student/qr-mediator.html?uid=50&promptId=13","2025-09-18T20:31:23.706Z","2025-09-18T20:31:42.168Z",18.46,18.46
4,"2025-09-18T20:31:42.276Z",1,"Rina Vora","rina404@gmail.com","3231","bqmx6t","https://aiskillshouse.com/student/qr-mediator.html?uid=50&promptId=17","2025-09-18T20:31:23.705Z","2025-09-18T20:31:42.275Z",18.57,18.57
5,"2025-09-18T20:31:42.277Z",1,"Naveen Trivedi","naveen488@gmail.com","4805","xrnjj5","https://aiskillshouse.com/student/qr-mediator.html?uid=50&promptId=15","2025-09-18T20:31:23.707Z","2025-09-18T20:31:42.277Z",18.57,18.57
6,"2025-09-18T20:32:02.523Z",2,"Sita Chopra","sita609@gmail.com","2929","t5gbam","https://aiskillshouse.com/student/qr-mediator.html?uid=50&promptId=15","2025-09-18T20:31:44.727Z","2025-09-18T20:32:02.523Z",17.8,17.80
7,"2025-09-18T20:32:02.526Z",2,"Umesh Venkatesh","umesh192@gmail.com","6778","kneyh6","https://aiskillshouse.com/student/qr-mediator.html?uid=50&promptId=13","2025-09-18T20:31:44.849Z","2025-09-18T20:32:02.526Z",17.68,17.68
8,"2025-09-18T20:32:02.708Z",2,"Harsh Naidu","harsh899@gmail.com","1212","3nje9o","https://aiskillshouse.com/student/qr-mediator.html?uid=50&promptId=14","2025-09-18T20:31:44.207Z","2025-09-18T20:32:02.708Z",18.5,18.50
9,"2025-09-18T20:32:02.724Z",2,"Anupam Trivedi","anupam664@gmail.com","2603","ocremb","https://aiskillshouse.com/student/qr-mediator.html?uid=50&promptId=17","2025-09-18T20:31:44.202Z","2025-09-18T20:32:02.724Z",18.52,18.52
10,"2025-09-18T20:32:02.768Z",2,"Tanvi Pillai","tanvi335@gmail.com","8569","2jsihk","https://aiskillshouse.com/student/qr-mediator.html?uid=50&promptId=16","2025-09-18T20:31:44.300Z","2025-09-18T20:32:02.768Z",18.47,18.47
11,"2025-09-18T20:32:21.347Z",3,"Indira Gandhi","indira113@gmail.com","8470","uurfsj","https://aiskillshouse.com/student/qr-mediator.html?uid=50&promptId=17","2025-09-18T20:32:04.476Z","2025-09-18T20:32:21.347Z",16.87,16.87
12,"2025-09-18T20:32:22.403Z",3,"Anita Murthy","anita650@gmail.com","1393","p9qm7r","https://aiskillshouse.com/student/qr-mediator.html?uid=50&promptId=13","2025-09-18T20:32:05.296Z","2025-09-18T20:32:22.403Z",17.11,17.11
13,"2025-09-18T20:32:22.435Z",3,"Aman Varma","aman795@gmail.com","2064","7teuix","https://aiskillshouse.com/student/qr-mediator.html?uid=50&promptId=15","2025-09-18T20:32:05.388Z","2025-09-18T20:32:22.435Z",17.05,17.05
14,"2025-09-18T20:32:22.519Z",3,"Abhishek Chopra","abhishek414@gmail.com","3055","pwosis","https://aiskillshouse.com/student/qr-mediator.html?uid=50&promptId=16","2025-09-18T20:32:05.476Z","2025-09-18T20:32:22.519Z",17.04,17.04
15,"2025-09-18T20:32:22.529Z",3,"Vikram Chokshi","vikram466@gmail.com","3014","ookk84","https://aiskillshouse.com/student/qr-mediator.html?uid=50&promptId=14","2025-09-18T20:32:05.369Z","2025-09-18T20:32:22.529Z",17.16,17.16
16,"2025-09-18T20:32:39.527Z",4,"Shreya Mazumdar","shreya809@gmail.com","4172","7fntkp","https://aiskillshouse.com/student/qr-mediator.html?uid=50&promptId=17","2025-09-18T20:32:23.193Z","2025-09-18T20:32:39.527Z",16.33,16.33
17,"2025-09-18T20:32:41.227Z",4,"Arjun Joshi","arjun312@gmail.com","5263","83bh1h","https://aiskillshouse.com/student/qr-mediator.html?uid=50&promptId=14","2025-09-18T20:32:24.283Z","2025-09-18T20:32:41.227Z",16.94,16.94
18,"2025-09-18T20:32:41.227Z",4,"Kalpana Krishnan","kalpana541@gmail.com","4500","7mt1gt","https://aiskillshouse.com/student/qr-mediator.html?uid=50&promptId=16","2025-09-18T20:32:23.976Z","2025-09-18T20:32:41.227Z",17.25,17.25
20,"2025-09-18T20:32:41.323Z",4,"Manish Ganguly","manish809@gmail.com","6130","sfxoty","https://aiskillshouse.com/student/qr-mediator.html?uid=50&promptId=13","2025-09-18T20:32:24.416Z","2025-09-18T20:32:41.323Z",16.91,16.91
19,"2025-09-18T20:32:41.323Z",4,"Bindu Murthy","bindu603@gmail.com","8065","9zyh6d","https://aiskillshouse.com/student/qr-mediator.html?uid=50&promptId=15","2025-09-18T20:32:24.424Z","2025-09-18T20:32:41.323Z",16.9,16.90
21,"2025-09-18T20:32:57.334Z",5,"Akash Goel","akash600@gmail.com","2722","t3jjwi","https://aiskillshouse.com/student/qr-mediator.html?uid=50&promptId=17","2025-09-18T20:32:40.984Z","2025-09-18T20:32:57.334Z",16.35,16.35
22,"2025-09-18T20:32:59.237Z",5,"Indira Pillai","indira880@gmail.com","4419","45nj6a","https://aiskillshouse.com/student/qr-mediator.html?uid=50&promptId=15","2025-09-18T20:32:42.851Z","2025-09-18T20:32:59.237Z",16.39,16.39
23,"2025-09-18T20:32:59.473Z",5,"Lalit Tandon","lalit202@gmail.com","1835","ar5u09","https://aiskillshouse.com/student/qr-mediator.html?uid=50&promptId=16","2025-09-18T20:32:43.246Z","2025-09-18T20:32:59.473Z",16.23,16.23
24,"2025-09-18T20:33:00.469Z",5,"Aman Srivastava","aman515@gmail.com","2102","dipvg4","https://aiskillshouse.com/student/qr-mediator.html?uid=50&promptId=13","2025-09-18T20:32:44.182Z","2025-09-18T20:33:00.469Z",16.29,16.29
25,"2025-09-18T20:33:00.671Z",5,"Ravi Naidu","ravi489@gmail.com","8789","nj9xoy","https://aiskillshouse.com/student/qr-mediator.html?uid=50&promptId=14","2025-09-18T20:32:44.339Z","2025-09-18T20:33:00.671Z",16.33,16.33
1,"2025-09-18T20:34:26.092Z",1,"Ramesh Mehta","ramesh879@gmail.com","4681","og1n0l","https://aiskillshouse.com/student/qr-mediator.html?uid=50&promptId=16","2025-09-18T20:34:07.899Z","2025-09-18T20:34:26.092Z",18.19,18.19
2,"2025-09-18T20:34:26.115Z",1,"Vivek Patel","vivek897@gmail.com","1519","xzlpe9","https://aiskillshouse.com/student/qr-mediator.html?uid=50&promptId=14","2025-09-18T20:34:07.899Z","2025-09-18T20:34:26.115Z",18.22,18.22
3,"2025-09-18T20:34:26.115Z",1,"Vinod Jain","vinod432@gmail.com","2278","8hn7nu","https://aiskillshouse.com/student/qr-mediator.html?uid=50&promptId=15","2025-09-18T20:34:07.899Z","2025-09-18T20:34:26.115Z",18.22,18.22
4,"2025-09-18T20:34:26.331Z",1,"Abhishek Bhatia","abhishek542@gmail.com","1163","v7puu3","https://aiskillshouse.com/student/qr-mediator.html?uid=50&promptId=13","2025-09-18T20:34:07.899Z","2025-09-18T20:34:26.331Z",18.43,18.43
5,"2025-09-18T20:34:26.400Z",1,"Shreya Pandey","shreya493@gmail.com","4882","e38hbx","https://aiskillshouse.com/student/qr-mediator.html?uid=50&promptId=17","2025-09-18T20:34:07.898Z","2025-09-18T20:34:26.399Z",18.5,18.50
6,"2025-09-18T20:34:45.609Z",2,"Yash Modi","yash459@gmail.com","3041","w2usth","https://aiskillshouse.com/student/qr-mediator.html?uid=50&promptId=15","2025-09-18T20:34:28.167Z","2025-09-18T20:34:45.609Z",17.44,17.44
7,"2025-09-18T20:34:45.706Z",2,"Rina Bhattacharya","rina849@gmail.com","2930","2qrzkz","https://aiskillshouse.com/student/qr-mediator.html?uid=50&promptId=13","2025-09-18T20:34:27.815Z","2025-09-18T20:34:45.706Z",17.89,17.89
8,"2025-09-18T20:34:45.706Z",2,"Usha Pandya","usha475@gmail.com","9734","vepxha","https://aiskillshouse.com/student/qr-mediator.html?uid=50&promptId=16","2025-09-18T20:34:28.274Z","2025-09-18T20:34:45.706Z",17.43,17.43
9,"2025-09-18T20:34:45.812Z",2,"Preeti Chopra","preeti248@gmail.com","2130","m15koh","https://aiskillshouse.com/student/qr-mediator.html?uid=50&promptId=17","2025-09-18T20:34:28.454Z","2025-09-18T20:34:45.812Z",17.36,17.36
10,"2025-09-18T20:34:46.052Z",2,"Vishal Sheth","vishal694@gmail.com","8858","3wclug","https://aiskillshouse.com/student/qr-mediator.html?uid=50&promptId=14","2025-09-18T20:34:29.563Z","2025-09-18T20:34:46.052Z",16.49,16.49
11,"2025-09-18T20:35:03.978Z",3,"Prakash Sachdeva","prakash663@gmail.com","7842","xt3390","https://aiskillshouse.com/student/qr-mediator.html?uid=50&promptId=13","2025-09-18T20:34:47.793Z","2025-09-18T20:35:03.978Z",16.18,16.18
12,"2025-09-18T20:35:06.105Z",3,"Yash Chawla","yash810@gmail.com","8167","ison8a","https://aiskillshouse.com/student/qr-mediator.html?uid=50&promptId=15","2025-09-18T20:34:48.787Z","2025-09-18T20:35:06.105Z",17.32,17.32
13,"2025-09-18T20:35:06.106Z",3,"Anita Bhattacharya","anita342@gmail.com","8994","qvvndv","https://aiskillshouse.com/student/qr-mediator.html?uid=50&promptId=14","2025-09-18T20:34:48.537Z","2025-09-18T20:35:06.106Z",17.57,17.57
14,"2025-09-18T20:35:06.180Z",3,"Anita Desai","anita265@gmail.com","7657","zlcplc","https://aiskillshouse.com/student/qr-mediator.html?uid=50&promptId=16","2025-09-18T20:34:48.984Z","2025-09-18T20:35:06.180Z",17.2,17.20
15,"2025-09-18T20:35:06.216Z",3,"Ramesh Aggarwal","ramesh743@gmail.com","1283","j739u3","https://aiskillshouse.com/student/qr-mediator.html?uid=50&promptId=17","2025-09-18T20:34:48.621Z","2025-09-18T20:35:06.215Z",17.59,17.59
16,"2025-09-18T20:35:22.768Z",4,"Sanjay Srivastava","sanjay341@gmail.com","3870","5k5x0f","https://aiskillshouse.com/student/qr-mediator.html?uid=50&promptId=13","2025-09-18T20:35:06.630Z","2025-09-18T20:35:22.768Z",16.14,16.14
17,"2025-09-18T20:35:24.883Z",4,"Swati Singh","swati983@gmail.com","2044","iijtsn","https://aiskillshouse.com/student/qr-mediator.html?uid=50&promptId=16","2025-09-18T20:35:08.159Z","2025-09-18T20:35:24.883Z",16.72,16.72
18,"2025-09-18T20:35:24.893Z",4,"Hemant Naidu","hemant877@gmail.com","5454","mib1p3","https://aiskillshouse.com/student/qr-mediator.html?uid=50&promptId=17","2025-09-18T20:35:08.002Z","2025-09-18T20:35:24.893Z",16.89,16.89
19,"2025-09-18T20:35:25.280Z",4,"Deepti Chawla","deepti137@gmail.com","7315","k2u20f","https://aiskillshouse.com/student/qr-mediator.html?uid=50&promptId=15","2025-09-18T20:35:08.850Z","2025-09-18T20:35:25.280Z",16.43,16.43
20,"2025-09-18T20:35:25.504Z",4,"Rina Sachdeva","rina529@gmail.com","6129","oc8sdl","https://aiskillshouse.com/student/qr-mediator.html?uid=50&promptId=14","2025-09-18T20:35:08.983Z","2025-09-18T20:35:25.504Z",16.52,16.52
21,"2025-09-18T20:35:40.885Z",5,"Tanvi Kapoor","tanvi515@gmail.com","6897","vp03e1","https://aiskillshouse.com/student/qr-mediator.html?uid=50&promptId=13","2025-09-18T20:35:24.569Z","2025-09-18T20:35:40.885Z",16.32,16.32
22,"2025-09-18T20:35:44.521Z",5,"Radha Sachdeva","radha788@gmail.com","6708","jfcp8n","https://aiskillshouse.com/student/qr-mediator.html?uid=50&promptId=14","2025-09-18T20:35:26.864Z","2025-09-18T20:35:44.521Z",17.66,17.66
23,"2025-09-18T20:35:44.579Z",5,"Anil Jain","anil998@gmail.com","3153","syq9ed","https://aiskillshouse.com/student/qr-mediator.html?uid=50&promptId=17","2025-09-18T20:35:26.987Z","2025-09-18T20:35:44.579Z",17.59,17.59
24,"2025-09-18T20:35:44.670Z",5,"Sapna Oberoi","sapna435@gmail.com","5914","divpwc","https://aiskillshouse.com/student/qr-mediator.html?uid=50&promptId=16","2025-09-18T20:35:26.838Z","2025-09-18T20:35:44.670Z",17.83,17.83
25,"2025-09-18T20:35:44.749Z",5,"Anupam Bajaj","anupam811@gmail.com","3288","b6v3tu","https://aiskillshouse.com/student/qr-mediator.html?uid=50&promptId=15","2025-09-18T20:35:28.044Z","2025-09-18T20:35:44.749Z",16.7,16.70
1,"2025-09-18T20:36:18.993Z",1,"Manoj Mitra","manoj260@gmail.com","9877","1q2agj","https://aiskillshouse.com/student/qr-mediator.html?uid=50&promptId=16","2025-09-18T20:35:59.942Z","2025-09-18T20:36:18.993Z",19.05,19.05
2,"2025-09-18T20:36:19.123Z",1,"Deepak Menon","deepak423@gmail.com","2695","oxe54o","https://aiskillshouse.com/student/qr-mediator.html?uid=50&promptId=14","2025-09-18T20:35:59.942Z","2025-09-18T20:36:19.123Z",19.18,19.18
3,"2025-09-18T20:36:19.176Z",1,"Ajay Kothari","ajay469@gmail.com","4556","d81a35","https://aiskillshouse.com/student/qr-mediator.html?uid=50&promptId=13","2025-09-18T20:35:59.942Z","2025-09-18T20:36:19.176Z",19.23,19.23
4,"2025-09-18T20:36:19.239Z",1,"Anupam Thakur","anupam705@gmail.com","8864","pxslpw","https://aiskillshouse.com/student/qr-mediator.html?uid=50&promptId=17","2025-09-18T20:35:59.940Z","2025-09-18T20:36:19.239Z",19.3,19.30
5,"2025-09-18T20:36:19.240Z",1,"Anupam Varma","anupam351@gmail.com","8542","lkefwk","https://aiskillshouse.com/student/qr-mediator.html?uid=50&promptId=15","2025-09-18T20:35:59.942Z","2025-09-18T20:36:19.240Z",19.3,19.30
6,"2025-09-18T20:36:39.414Z",2,"Aarti Arora","aarti868@gmail.com","2475","yvqgk0","https://aiskillshouse.com/student/qr-mediator.html?uid=50&promptId=15","2025-09-18T20:36:20.856Z","2025-09-18T20:36:39.414Z",18.56,18.56
7,"2025-09-18T20:36:39.508Z",2,"Jatin Kothari","jatin913@gmail.com","5033","cyvae3","https://aiskillshouse.com/student/qr-mediator.html?uid=50&promptId=14","2025-09-18T20:36:21.451Z","2025-09-18T20:36:39.508Z",18.06,18.06
8,"2025-09-18T20:36:39.542Z",2,"Divya Venkatesh","divya990@gmail.com","9974","9pcsio","https://aiskillshouse.com/student/qr-mediator.html?uid=50&promptId=16","2025-09-18T20:36:21.595Z","2025-09-18T20:36:39.542Z",17.95,17.95
9,"2025-09-18T20:36:39.624Z",2,"Tanvi Shenoy","tanvi57@gmail.com","5913","5gc54a","https://aiskillshouse.com/student/qr-mediator.html?uid=50&promptId=17","2025-09-18T20:36:21.653Z","2025-09-18T20:36:39.624Z",17.97,17.97
10,"2025-09-18T20:36:39.625Z",2,"Radha Raval","radha784@gmail.com","9026","rkfina","https://aiskillshouse.com/student/qr-mediator.html?uid=50&promptId=13","2025-09-18T20:36:22.388Z","2025-09-18T20:36:39.625Z",17.24,17.24
1,"2025-09-18T20:38:05.199Z",3,"Kavya Mukherjee","kavya231@gmail.com","3486","2zvvzc","https://aiskillshouse.com/student/qr-mediator.html?uid=50&promptId=15","2025-09-18T20:37:18.574Z","2025-09-18T20:38:05.198Z",46.62,46.62
2,"2025-09-18T20:38:05.200Z",3,"Rohit Shenoy","rohit248@gmail.com","1680","79vgev","https://aiskillshouse.com/student/qr-mediator.html?uid=50&promptId=17","2025-09-18T20:37:18.573Z","2025-09-18T20:38:05.200Z",46.63,46.63
3,"2025-09-18T20:38:05.230Z",2,"Rakesh Biswas","rakesh754@gmail.com","2104","r5e5ia","https://aiskillshouse.com/student/qr-mediator.html?uid=50&promptId=13","2025-09-18T20:37:18.574Z","2025-09-18T20:38:05.230Z",46.66,46.66
4,"2025-09-18T20:38:05.232Z",5,"Ravi Chokshi","ravi645@gmail.com","5972","fie72p","https://aiskillshouse.com/student/qr-mediator.html?uid=50&promptId=13","2025-09-18T20:37:18.574Z","2025-09-18T20:38:05.232Z",46.66,46.66
5,"2025-09-18T20:38:05.239Z",2,"Alka Goel","alka678@gmail.com","6687","y2u2p5","https://aiskillshouse.com/student/qr-mediator.html?uid=50&promptId=15","2025-09-18T20:37:18.574Z","2025-09-18T20:38:05.239Z",46.66,46.66
6,"2025-09-18T20:38:05.239Z",1,"Preeti Roy","preeti22@gmail.com","7855","zu4so2","https://aiskillshouse.com/student/qr-mediator.html?uid=50&promptId=13","2025-09-18T20:37:18.574Z","2025-09-18T20:38:05.239Z",46.66,46.66
7,"2025-09-18T20:38:05.240Z",1,"Suresh Banerjee","suresh129@gmail.com","6577","ll4d66","https://aiskillshouse.com/student/qr-mediator.html?uid=50&promptId=17","2025-09-18T20:37:18.572Z","2025-09-18T20:38:05.240Z",46.67,46.67
8,"2025-09-18T20:38:05.242Z",2,"Rajesh Verma","rajesh251@gmail.com","5212","nz4cyz","https://aiskillshouse.com/student/qr-mediator.html?uid=50&promptId=16","2025-09-18T20:37:18.574Z","2025-09-18T20:38:05.242Z",46.67,46.67
9,"2025-09-18T20:38:05.253Z",4,"Anil Chatterjee","anil535@gmail.com","7010","lic9me","https://aiskillshouse.com/student/qr-mediator.html?uid=50&promptId=13","2025-09-18T20:37:18.574Z","2025-09-18T20:38:05.253Z",46.68,46.68
10,"2025-09-18T20:38:05.428Z",4,"Seema Vohra","seema370@gmail.com","2820","ks9758","https://aiskillshouse.com/student/qr-mediator.html?uid=50&promptId=14","2025-09-18T20:37:18.574Z","2025-09-18T20:38:05.428Z",46.85,46.85
11,"2025-09-18T20:38:05.429Z",5,"Priya Jain","priya491@gmail.com","7513","kqqal2","https://aiskillshouse.com/student/qr-mediator.html?uid=50&promptId=15","2025-09-18T20:37:18.574Z","2025-09-18T20:38:05.429Z",46.85,46.85
12,"2025-09-18T20:38:05.430Z",5,"Sapna Mahajan","sapna885@gmail.com","1249","utnj9e","https://aiskillshouse.com/student/qr-mediator.html?uid=50&promptId=17","2025-09-18T20:37:18.574Z","2025-09-18T20:38:05.430Z",46.86,46.86
13,"2025-09-18T20:38:05.437Z",3,"Gaurav Gupta","gaurav718@gmail.com","8979","bm1dv4","https://aiskillshouse.com/student/qr-mediator.html?uid=50&promptId=16","2025-09-18T20:37:18.574Z","2025-09-18T20:38:05.437Z",46.86,46.86
14,"2025-09-18T20:38:05.438Z",2,"Anil Bajaj","anil265@gmail.com","8295","f5bnhu","https://aiskillshouse.com/student/qr-mediator.html?uid=50&promptId=17","2025-09-18T20:37:18.573Z","2025-09-18T20:38:05.438Z",46.87,46.87
15,"2025-09-18T20:38:05.443Z",3,"Hemant Pillai","hemant510@gmail.com","3718","phm274","https://aiskillshouse.com/student/qr-mediator.html?uid=50&promptId=14","2025-09-18T20:37:18.574Z","2025-09-18T20:38:05.443Z",46.87,46.87
16,"2025-09-18T20:38:05.444Z",4,"Harsh Wadhwa","harsh800@gmail.com","5442","97z41p","https://aiskillshouse.com/student/qr-mediator.html?uid=50&promptId=15","2025-09-18T20:37:18.574Z","2025-09-18T20:38:05.444Z",46.87,46.87
17,"2025-09-18T20:38:05.444Z",1,"Rakesh Pal","rakesh814@gmail.com","2807","b54jo7","https://aiskillshouse.com/student/qr-mediator.html?uid=50&promptId=14","2025-09-18T20:37:18.574Z","2025-09-18T20:38:05.444Z",46.87,46.87
18,"2025-09-18T20:38:05.445Z",5,"Swati Biswas","swati465@gmail.com","5459","bn00c3","https://aiskillshouse.com/student/qr-mediator.html?uid=50&promptId=14","2025-09-18T20:37:18.574Z","2025-09-18T20:38:05.445Z",46.87,46.87
19,"2025-09-18T20:38:05.445Z",2,"Varun Zaveri","varun145@gmail.com","8555","vpd3s1","https://aiskillshouse.com/student/qr-mediator.html?uid=50&promptId=14","2025-09-18T20:37:18.574Z","2025-09-18T20:38:05.445Z",46.87,46.87
20,"2025-09-18T20:38:05.446Z",3,"Vaishali Biswas","vaishali299@gmail.com","4939","lwwqi2","https://aiskillshouse.com/student/qr-mediator.html?uid=50&promptId=13","2025-09-18T20:37:18.574Z","2025-09-18T20:38:05.446Z",46.87,46.87
21,"2025-09-18T20:38:05.446Z",4,"Mukesh Sheth","mukesh795@gmail.com","9454","gol8cy","https://aiskillshouse.com/student/qr-mediator.html?uid=50&promptId=17","2025-09-18T20:37:18.574Z","2025-09-18T20:38:05.446Z",46.87,46.87
22,"2025-09-18T20:38:05.446Z",5,"Nidhi Goel","nidhi552@gmail.com","4767","vwhjdo","https://aiskillshouse.com/student/qr-mediator.html?uid=50&promptId=16","2025-09-18T20:37:18.574Z","2025-09-18T20:38:05.446Z",46.87,46.87
23,"2025-09-18T20:38:05.447Z",1,"Priya Srivastava","priya335@gmail.com","5387","u1ff5h","https://aiskillshouse.com/student/qr-mediator.html?uid=50&promptId=16","2025-09-18T20:37:18.574Z","2025-09-18T20:38:05.447Z",46.87,46.87
24,"2025-09-18T20:38:05.486Z",1,"Divya Vora","divya735@gmail.com","8099","dskm2m","https://aiskillshouse.com/student/qr-mediator.html?uid=50&promptId=15","2025-09-18T20:37:18.574Z","2025-09-18T20:38:05.486Z",46.91,46.91
25,"2025-09-18T20:38:05.486Z",4,"Mamta Srivastava","mamta120@gmail.com","6859","rzbsc6","https://aiskillshouse.com/student/qr-mediator.html?uid=50&promptId=16","2025-09-18T20:37:18.574Z","2025-09-18T20:38:05.486Z",46.91,46.91
26,"2025-09-18T20:38:46.091Z",9,"Indira Singh","indira823@gmail.com","9064","49a6af","https://aiskillshouse.com/student/qr-mediator.html?uid=50&promptId=15","2025-09-18T20:38:08.386Z","2025-09-18T20:38:46.091Z",37.7,37.70
1,"2025-09-18T20:41:09.085Z",2,"Vishal Mahajan","vishal157@gmail.com","9370","dl19yt","https://aiskillshouse.com/student/qr-mediator.html?uid=50&promptId=17","2025-09-18T20:40:45.663Z","2025-09-18T20:41:09.083Z",23.42,23.42
2,"2025-09-18T20:41:09.086Z",2,"Ajay Shah","ajay811@gmail.com","4839","k4z55j","https://aiskillshouse.com/student/qr-mediator.html?uid=50&promptId=14","2025-09-18T20:40:45.663Z","2025-09-18T20:41:09.086Z",23.42,23.42
3,"2025-09-18T20:41:09.103Z",2,"Yamini Biswas","yamini265@gmail.com","4340","tf1oss","https://aiskillshouse.com/student/qr-mediator.html?uid=50&promptId=16","2025-09-18T20:40:45.664Z","2025-09-18T20:41:09.103Z",23.44,23.44
4,"2025-09-18T20:41:09.104Z",1,"Vivek Bhardwaj","vivek196@gmail.com","5446","9yqte9","https://aiskillshouse.com/student/qr-mediator.html?uid=50&promptId=14","2025-09-18T20:40:45.663Z","2025-09-18T20:41:09.104Z",23.44,23.44
5,"2025-09-18T20:41:09.695Z",1,"Pankaj Bhatt","pankaj573@gmail.com","5309","60w3zl","https://aiskillshouse.com/student/qr-mediator.html?uid=50&promptId=13","2025-09-18T20:40:45.663Z","2025-09-18T20:41:09.695Z",24.03,24.03
6,"2025-09-18T20:41:09.711Z",1,"Harsh Sharma","harsh115@gmail.com","2246","oqokne","https://aiskillshouse.com/student/qr-mediator.html?uid=50&promptId=16","2025-09-18T20:40:45.664Z","2025-09-18T20:41:09.711Z",24.05,24.05
7,"2025-09-18T20:41:09.777Z",1,"Rajeev Venkatesh","rajeev102@gmail.com","1736","hbh48s","https://aiskillshouse.com/student/qr-mediator.html?uid=50&promptId=17","2025-09-18T20:40:45.662Z","2025-09-18T20:41:09.776Z",24.11,24.11
8,"2025-09-18T20:41:09.778Z",1,"Vivek Kulkarni","vivek303@gmail.com","8228","r04k8g","https://aiskillshouse.com/student/qr-mediator.html?uid=50&promptId=15","2025-09-18T20:40:45.664Z","2025-09-18T20:41:09.778Z",24.11,24.11
9,"2025-09-18T20:41:09.877Z",2,"Chhaya Rao","chhaya993@gmail.com","7222","p4q2uy","https://aiskillshouse.com/student/qr-mediator.html?uid=50&promptId=13","2025-09-18T20:40:45.663Z","2025-09-18T20:41:09.877Z",24.21,24.21
10,"2025-09-18T20:41:33.771Z",3,"Deepak Zaveri","deepak115@gmail.com","2932","x4d59i","https://aiskillshouse.com/student/qr-mediator.html?uid=50&promptId=15","2025-09-18T20:41:11.625Z","2025-09-18T20:41:33.771Z",22.15,22.15
11,"2025-09-18T20:41:33.807Z",4,"Ankit Parikh","ankit206@gmail.com","7157","hgfino","https://aiskillshouse.com/student/qr-mediator.html?uid=50&promptId=15","2025-09-18T20:41:11.625Z","2025-09-18T20:41:33.807Z",22.18,22.18
12,"2025-09-18T20:41:35.601Z",3,"Arjun Gandhi","arjun776@gmail.com","6590","1s0xus","https://aiskillshouse.com/student/qr-mediator.html?uid=50&promptId=14","2025-09-18T20:41:12.413Z","2025-09-18T20:41:35.601Z",23.19,23.19
13,"2025-09-18T20:41:35.903Z",4,"Geeta Venkatesh","geeta69@gmail.com","5400","if3k98","https://aiskillshouse.com/student/qr-mediator.html?uid=50&promptId=14","2025-09-18T20:41:12.414Z","2025-09-18T20:41:35.903Z",23.49,23.49
14,"2025-09-18T20:41:35.936Z",4,"Ekta Chopra","ekta656@gmail.com","2903","xj4usw","https://aiskillshouse.com/student/qr-mediator.html?uid=50&promptId=16","2025-09-18T20:41:12.606Z","2025-09-18T20:41:35.936Z",23.33,23.33
15,"2025-09-18T20:41:36.594Z",3,"Ashok Saxena","ashok342@gmail.com","4296","88j8hn","https://aiskillshouse.com/student/qr-mediator.html?uid=50&promptId=16","2025-09-18T20:41:12.606Z","2025-09-18T20:41:36.594Z",23.99,23.99
16,"2025-09-18T20:41:42.204Z",6,"Rajesh Tandon","rajesh413@gmail.com","5729","ngm394","https://aiskillshouse.com/student/qr-mediator.html?uid=50&promptId=17","2025-09-18T20:41:22.355Z","2025-09-18T20:41:42.204Z",19.85,19.85
17,"2025-09-18T20:41:45.428Z",5,"Vivek Trivedi","vivek373@gmail.com","6506","xefza6","https://aiskillshouse.com/student/qr-mediator.html?uid=50&promptId=13","2025-09-18T20:41:21.327Z","2025-09-18T20:41:45.428Z",24.1,24.10
18,"2025-09-18T20:41:46.382Z",5,"Abhishek Subramanian","abhishek628@gmail.com","7705","tmi23f","https://aiskillshouse.com/student/qr-mediator.html?uid=50&promptId=17","2025-09-18T20:41:22.323Z","2025-09-18T20:41:46.382Z",24.06,24.06
19,"2025-09-18T20:41:52.654Z",5,"Lalita Subramanian","lalita326@gmail.com","5353","wkvqzv","https://aiskillshouse.com/student/qr-mediator.html?uid=50&promptId=15","2025-09-18T20:41:35.903Z","2025-09-18T20:41:52.654Z",16.75,16.75
20,"2025-09-18T20:41:52.698Z",6,"Varun Bansal","varun193@gmail.com","8454","dry9um","https://aiskillshouse.com/student/qr-mediator.html?uid=50&promptId=15","2025-09-18T20:41:35.903Z","2025-09-18T20:41:52.698Z",16.8,16.80
21,"2025-09-18T20:41:54.257Z",5,"Sita Chopra","sita789@gmail.com","7118","x7v3c4","https://aiskillshouse.com/student/qr-mediator.html?uid=50&promptId=14","2025-09-18T20:41:37.485Z","2025-09-18T20:41:54.257Z",16.77,16.77
22,"2025-09-18T20:41:54.257Z",6,"Naveen Singh","naveen575@gmail.com","1504","qnt6eo","https://aiskillshouse.com/student/qr-mediator.html?uid=50&promptId=14","2025-09-18T20:41:37.485Z","2025-09-18T20:41:54.257Z",16.77,16.77
23,"2025-09-18T20:41:56.837Z",5,"Ravi Bose","ravi24@gmail.com","1470","0q22we","https://aiskillshouse.com/student/qr-mediator.html?uid=50&promptId=16","2025-09-18T20:41:39.048Z","2025-09-18T20:41:56.837Z",17.79,17.79
24,"2025-09-18T20:41:56.885Z",6,"Chitra Kapoor","chitra935@gmail.com","1988","ekwxlj","https://aiskillshouse.com/student/qr-mediator.html?uid=50&promptId=16","2025-09-18T20:41:39.048Z","2025-09-18T20:41:56.885Z",17.84,17.84
25,"2025-09-18T20:42:10.357Z",8,"Seema Mitra","seema792@gmail.com","5776","ia7i30","https://aiskillshouse.com/student/qr-mediator.html?uid=50&promptId=13","2025-09-18T20:41:47.465Z","2025-09-18T20:42:10.357Z",22.89,22.89
26,"2025-09-18T20:42:11.107Z",7,"Ankit Kapoor","ankit504@gmail.com","7552","lhxf01","https://aiskillshouse.com/student/qr-mediator.html?uid=50&promptId=17","2025-09-18T20:41:48.173Z","2025-09-18T20:42:11.107Z",22.93,22.93
27,"2025-09-18T20:42:11.107Z",7,"Pooja Saha","pooja739@gmail.com","8693","49ppds","https://aiskillshouse.com/student/qr-mediator.html?uid=50&promptId=13","2025-09-18T20:41:47.464Z","2025-09-18T20:42:11.107Z",23.64,23.64
28,"2025-09-18T20:42:11.208Z",8,"Jatin Pillai","jatin788@gmail.com","2796","00l5gd","https://aiskillshouse.com/student/qr-mediator.html?uid=50&promptId=17","2025-09-18T20:41:48.173Z","2025-09-18T20:42:11.208Z",23.04,23.04
29,"2025-09-18T20:42:15.371Z",7,"Sunil Joshi","sunil809@gmail.com","9160","bf4j8v","https://aiskillshouse.com/student/qr-mediator.html?uid=50&promptId=14","2025-09-18T20:41:56.341Z","2025-09-18T20:42:15.371Z",19.03,19.03
30,"2025-09-18T20:42:15.471Z",8,"Arun Chakraborty","arun773@gmail.com","4316","nu3fxw","https://aiskillshouse.com/student/qr-mediator.html?uid=50&promptId=14","2025-09-18T20:41:56.359Z","2025-09-18T20:42:15.470Z",19.11,19.11
31,"2025-09-18T20:42:19.487Z",8,"Usha Saha","usha589@gmail.com","7476","pxx496","https://aiskillshouse.com/student/qr-mediator.html?uid=50&promptId=16","2025-09-18T20:42:01.967Z","2025-09-18T20:42:19.487Z",17.52,17.52
32,"2025-09-18T20:42:19.868Z",7,"Vishal Oberoi","vishal421@gmail.com","3295","pifvu3","https://aiskillshouse.com/student/qr-mediator.html?uid=50&promptId=16","2025-09-18T20:42:01.967Z","2025-09-18T20:42:19.868Z",17.9,17.90
33,"2025-09-18T20:42:22.681Z",9,"Ekta Sastry","ekta437@gmail.com","8217","osb24i","https://aiskillshouse.com/student/qr-mediator.html?uid=50&promptId=15","2025-09-18T20:42:05.672Z","2025-09-18T20:42:22.681Z",17.01,17.01
34,"2025-09-18T20:42:22.946Z",10,"Nisha Thakkar","nisha734@gmail.com","2616","cks9lz","https://aiskillshouse.com/student/qr-mediator.html?uid=50&promptId=15","2025-09-18T20:42:05.673Z","2025-09-18T20:42:22.946Z",17.27,17.27
35,"2025-09-18T20:42:33.994Z",10,"Manish Varma","manish686@gmail.com","7818","5ld0zs","https://aiskillshouse.com/student/qr-mediator.html?uid=50&promptId=17","2025-09-18T20:42:13.654Z","2025-09-18T20:42:33.994Z",20.34,20.34
36,"2025-09-18T20:42:33.995Z",9,"Preeti Dutta","preeti148@gmail.com","7556","v0m78q","https://aiskillshouse.com/student/qr-mediator.html?uid=50&promptId=17","2025-09-18T20:42:13.654Z","2025-09-18T20:42:33.995Z",20.34,20.34
37,"2025-09-18T20:42:34.074Z",9,"Mohan Bhattacharya","mohan852@gmail.com","1218","9ara1q","https://aiskillshouse.com/student/qr-mediator.html?uid=50&promptId=13","2025-09-18T20:42:14.737Z","2025-09-18T20:42:34.074Z",19.34,19.34
38,"2025-09-18T20:42:34.086Z",10,"Alka Wadhwa","alka954@gmail.com","8945","qruy8d","https://aiskillshouse.com/student/qr-mediator.html?uid=50&promptId=13","2025-09-18T20:42:14.738Z","2025-09-18T20:42:34.086Z",19.35,19.35
39,"2025-09-18T20:42:37.907Z",9,"Deepak Pal","deepak64@gmail.com","3351","wbiea3","https://aiskillshouse.com/student/qr-mediator.html?uid=50&promptId=14","2025-09-18T20:42:19.110Z","2025-09-18T20:42:37.907Z",18.8,18.80
40,"2025-09-18T20:42:38.066Z",10,"Vandana Sachdeva","vandana546@gmail.com","4667","4ri71n","https://aiskillshouse.com/student/qr-mediator.html?uid=50&promptId=14","2025-09-18T20:42:19.110Z","2025-09-18T20:42:38.066Z",18.96,18.96
41,"2025-09-18T20:42:41.410Z",9,"Sunil Chokshi","sunil255@gmail.com","7317","elenbh","https://aiskillshouse.com/student/qr-mediator.html?uid=50&promptId=16","2025-09-18T20:42:24.672Z","2025-09-18T20:42:41.410Z",16.74,16.74
42,"2025-09-18T20:42:41.410Z",10,"Anupam Bhattacharya","anupam470@gmail.com","8887","w4ei1k","https://aiskillshouse.com/student/qr-mediator.html?uid=50&promptId=16","2025-09-18T20:42:24.672Z","2025-09-18T20:42:41.410Z",16.74,16.74
43,"2025-09-18T20:43:08.081Z",2,"Pallavi Bansal","pallavi587@gmail.com","5833","hg4i0x","https://aiskillshouse.com/student/qr-mediator.html?uid=50&promptId=13","2025-09-18T20:42:44.870Z","2025-09-18T20:43:08.081Z",23.21,23.21
44,"2025-09-18T20:43:08.081Z",1,"Anita Iyer","anita777@gmail.com","4027","05mx5i","https://aiskillshouse.com/student/qr-mediator.html?uid=50&promptId=13","2025-09-18T20:42:44.869Z","2025-09-18T20:43:08.081Z",23.21,23.21
45,"2025-09-18T20:43:08.086Z",2,"Ajay Arora","ajay574@gmail.com","6314","pwbsr8","https://aiskillshouse.com/student/qr-mediator.html?uid=50&promptId=15","2025-09-18T20:42:44.870Z","2025-09-18T20:43:08.086Z",23.22,23.22
46,"2025-09-18T20:43:08.087Z",1,"Divya Mehta","divya972@gmail.com","8776","ilsxzv","https://aiskillshouse.com/student/qr-mediator.html?uid=50&promptId=16","2025-09-18T20:42:44.870Z","2025-09-18T20:43:08.087Z",23.22,23.22
47,"2025-09-18T20:43:08.657Z",2,"Vinod Aggarwal","vinod799@gmail.com","7571","pcdde2","https://aiskillshouse.com/student/qr-mediator.html?uid=50&promptId=16","2025-09-18T20:42:44.870Z","2025-09-18T20:43:08.657Z",23.79,23.79
48,"2025-09-18T20:43:08.729Z",1,"Arun Gandhi","arun290@gmail.com","7671","f5y45d","https://aiskillshouse.com/student/qr-mediator.html?uid=50&promptId=17","2025-09-18T20:42:44.869Z","2025-09-18T20:43:08.729Z",23.86,23.86
49,"2025-09-18T20:43:08.735Z",1,"Vivek Naidu","vivek923@gmail.com","1401","4ov7zr","https://aiskillshouse.com/student/qr-mediator.html?uid=50&promptId=14","2025-09-18T20:42:44.870Z","2025-09-18T20:43:08.735Z",23.86,23.86
50,"2025-09-18T20:43:08.735Z",1,"Anil Krishnan","anil822@gmail.com","4266","ombz04","https://aiskillshouse.com/student/qr-mediator.html?uid=50&promptId=15","2025-09-18T20:42:44.870Z","2025-09-18T20:43:08.735Z",23.86,23.86
51,"2025-09-18T20:43:08.844Z",2,"Preeti Rao","preeti468@gmail.com","6178","h72uul","https://aiskillshouse.com/student/qr-mediator.html?uid=50&promptId=14","2025-09-18T20:42:44.870Z","2025-09-18T20:43:08.844Z",23.97,23.97
52,"2025-09-18T20:43:08.844Z",2,"Seema Joshi","seema551@gmail.com","3528","tjy7fb","https://aiskillshouse.com/student/qr-mediator.html?uid=50&promptId=17","2025-09-18T20:42:44.869Z","2025-09-18T20:43:08.844Z",23.98,23.98
53,"2025-09-18T20:43:33.977Z",3,"Vivek Sharma","vivek729@gmail.com","1812","xlzex3","https://aiskillshouse.com/student/qr-mediator.html?uid=50&promptId=15","2025-09-18T20:43:10.580Z","2025-09-18T20:43:33.977Z",23.4,23.40
1,"2025-09-18T20:44:14.360Z",1,"Aman Desai","aman202@gmail.com","9522","f1pfre","https://aiskillshouse.com/student/qr-mediator.html?uid=50&promptId=16","2025-09-18T20:43:56.402Z","2025-09-18T20:44:14.360Z",17.96,17.96
2,"2025-09-18T20:44:14.495Z",1,"Hemant Dey","hemant920@gmail.com","5402","qwm4hf","https://aiskillshouse.com/student/qr-mediator.html?uid=50&promptId=14","2025-09-18T20:43:56.402Z","2025-09-18T20:44:14.495Z",18.09,18.09
3,"2025-09-18T20:44:14.496Z",1,"Prakash Paul","prakash986@gmail.com","4011","iiykqx","https://aiskillshouse.com/student/qr-mediator.html?uid=50&promptId=13","2025-09-18T20:43:56.402Z","2025-09-18T20:44:14.496Z",18.09,18.09
4,"2025-09-18T20:44:14.497Z",1,"Mukesh Paul","mukesh158@gmail.com","4836","uywuf2","https://aiskillshouse.com/student/qr-mediator.html?uid=50&promptId=17","2025-09-18T20:43:56.401Z","2025-09-18T20:44:14.497Z",18.1,18.10
5,"2025-09-18T20:44:14.547Z",1,"Ramesh Bhattacharya","ramesh981@gmail.com","8289","36p1a3","https://aiskillshouse.com/student/qr-mediator.html?uid=50&promptId=15","2025-09-18T20:43:56.402Z","2025-09-18T20:44:14.547Z",18.14,18.14
1,"2025-09-18T20:45:05.590Z",1,"Anurag Khanna","anurag8@gmail.com","6740","bai9lc","https://aiskillshouse.com/student/qr-mediator.html?uid=50&promptId=16","2025-09-18T20:44:43.578Z","2025-09-18T20:45:05.590Z",22.01,22.01
2,"2025-09-18T20:45:05.600Z",1,"Vidya Dhawan","vidya39@gmail.com","5279","nnvddg","https://aiskillshouse.com/student/qr-mediator.html?uid=50&promptId=15","2025-09-18T20:44:43.578Z","2025-09-18T20:45:05.600Z",22.02,22.02
3,"2025-09-18T20:45:05.636Z",1,"Pallavi Kulkarni","pallavi196@gmail.com","1368","kajs72","https://aiskillshouse.com/student/qr-mediator.html?uid=50&promptId=14","2025-09-18T20:44:43.577Z","2025-09-18T20:45:05.636Z",22.06,22.06
4,"2025-09-18T20:45:06.235Z",1,"Bharti Dey","bharti119@gmail.com","8760","cyp9pr","https://aiskillshouse.com/student/qr-mediator.html?uid=50&promptId=13","2025-09-18T20:44:43.577Z","2025-09-18T20:45:06.235Z",22.66,22.66
5,"2025-09-18T20:45:06.373Z",1,"Vidya Dalal","vidya304@gmail.com","2517","b7prcr","https://aiskillshouse.com/student/qr-mediator.html?uid=50&promptId=17","2025-09-18T20:44:43.576Z","2025-09-18T20:45:06.372Z",22.8,22.80
6,"2025-09-18T20:45:29.015Z",2,"Rachna Pal","rachna221@gmail.com","2306","egaitl","https://aiskillshouse.com/student/qr-mediator.html?uid=50&promptId=16","2025-09-18T20:45:07.599Z","2025-09-18T20:45:29.015Z",21.42,21.42
7,"2025-09-18T20:45:29.244Z",2,"Disha Naidu","disha256@gmail.com","2158","wjbmv0","https://aiskillshouse.com/student/qr-mediator.html?uid=50&promptId=14","2025-09-18T20:45:07.806Z","2025-09-18T20:45:29.244Z",21.44,21.44
8,"2025-09-18T20:45:29.773Z",2,"Satish Khanna","satish649@gmail.com","3850","vhem5w","https://aiskillshouse.com/student/qr-mediator.html?uid=50&promptId=15","2025-09-18T20:45:08.180Z","2025-09-18T20:45:29.773Z",21.59,21.59
9,"2025-09-18T20:45:30.015Z",2,"Vikram Naidu","vikram860@gmail.com","9062","04apbr","https://aiskillshouse.com/student/qr-mediator.html?uid=50&promptId=13","2025-09-18T20:45:08.317Z","2025-09-18T20:45:30.015Z",21.7,21.70
10,"2025-09-18T20:45:43.987Z",3,"Indira Joshi","indira214@gmail.com","1098","cykgvl","https://aiskillshouse.com/student/qr-mediator.html?uid=50&promptId=17","2025-09-18T20:45:18.378Z","2025-09-18T20:45:43.986Z",25.61,25.61
11,"2025-09-18T20:45:52.419Z",3,"Rachna Sethi","rachna95@gmail.com","4682","f5fwpj","https://aiskillshouse.com/student/qr-mediator.html?uid=50&promptId=14","2025-09-18T20:45:30.905Z","2025-09-18T20:45:52.419Z",21.51,21.51
12,"2025-09-18T20:45:59.401Z",3,"Arjun Krishnan","arjun286@gmail.com","3444","ugjjm3","https://aiskillshouse.com/student/qr-mediator.html?uid=50&promptId=13","2025-09-18T20:45:31.773Z","2025-09-18T20:45:59.401Z",27.63,27.63
13,"2025-09-18T20:46:04.176Z",3,"Ekta Pillai","ekta479@gmail.com","2778","cibmgo","https://aiskillshouse.com/student/qr-mediator.html?uid=50&promptId=15","2025-09-18T20:45:32.414Z","2025-09-18T20:46:04.176Z",31.76,31.76
14,"2025-09-18T20:46:04.532Z",3,"Nisha Nair","nisha60@gmail.com","7894","o8y5w7","https://aiskillshouse.com/student/qr-mediator.html?uid=50&promptId=16","2025-09-18T20:45:31.688Z","2025-09-18T20:46:04.532Z",32.84,32.84
15,"2025-09-18T20:46:09.469Z",4,"Anurag Mishra","anurag848@gmail.com","5313","hb0lne","https://aiskillshouse.com/student/qr-mediator.html?uid=50&promptId=17","2025-09-18T20:45:46.266Z","2025-09-18T20:46:09.469Z",23.2,23.20
16,"2025-09-18T20:46:18.564Z",4,"Rajesh Srivastava","rajesh553@gmail.com","9788","r9shgc","https://aiskillshouse.com/student/qr-mediator.html?uid=50&promptId=13","2025-09-18T20:46:00.616Z","2025-09-18T20:46:18.564Z",17.95,17.95
17,"2025-09-18T20:46:29.991Z",4,"Arun Mishra","arun98@gmail.com","7792","ye73cc","https://aiskillshouse.com/student/qr-mediator.html?uid=50&promptId=16","2025-09-18T20:46:07.469Z","2025-09-18T20:46:29.991Z",22.52,22.52
18,"2025-09-18T20:46:31.139Z",4,"Rajeev Vasani","rajeev689@gmail.com","9305","4k9glr","https://aiskillshouse.com/student/qr-mediator.html?uid=50&promptId=15","2025-09-18T20:46:07.247Z","2025-09-18T20:46:31.139Z",23.89,23.89
19,"2025-09-18T20:46:31.939Z",5,"Seema Kapoor","seema702@gmail.com","7092","qmh2k1","https://aiskillshouse.com/student/qr-mediator.html?uid=50&promptId=17","2025-09-18T20:46:10.719Z","2025-09-18T20:46:31.939Z",21.22,21.22
20,"2025-09-18T20:46:32.164Z",5,"Preeti Kumar","preeti805@gmail.com","6888","tn3xkj","https://aiskillshouse.com/student/qr-mediator.html?uid=50&promptId=14","2025-09-18T20:46:06.911Z","2025-09-18T20:46:32.164Z",25.25,25.25
21,"2025-09-18T20:46:46.509Z",5,"Deepika Sen","deepika114@gmail.com","6248","nv2bjm","https://aiskillshouse.com/student/qr-mediator.html?uid=50&promptId=13","2025-09-18T20:46:21.100Z","2025-09-18T20:46:46.509Z",25.41,25.41
22,"2025-09-18T20:46:54.777Z",5,"Deepak Deshpande","deepak174@gmail.com","9643","dr7i7c","https://aiskillshouse.com/student/qr-mediator.html?uid=50&promptId=16","2025-09-18T20:46:32.961Z","2025-09-18T20:46:54.777Z",21.82,21.82
23,"2025-09-18T20:46:55.048Z",5,"Vishal Mehta","vishal151@gmail.com","6262","yb6kjv","https://aiskillshouse.com/student/qr-mediator.html?uid=50&promptId=15","2025-09-18T20:46:33.194Z","2025-09-18T20:46:55.048Z",21.85,21.85
24,"2025-09-18T20:47:21.886Z",1,"Anjali Mukherjee","anjali311@gmail.com","3155","peg512","https://aiskillshouse.com/student/qr-mediator.html?uid=50&promptId=17","2025-09-18T20:46:58.664Z","2025-09-18T20:47:21.886Z",23.22,23.22
25,"2025-09-18T20:47:21.968Z",1,"Varun Jain","varun215@gmail.com","4702","ratjxu","https://aiskillshouse.com/student/qr-mediator.html?uid=50&promptId=15","2025-09-18T20:46:58.664Z","2025-09-18T20:47:21.968Z",23.3,23.30
26,"2025-09-18T20:47:22.020Z",1,"Vivek Agarwal","vivek266@gmail.com","4928","h11j62","https://aiskillshouse.com/student/qr-mediator.html?uid=50&promptId=16","2025-09-18T20:46:58.664Z","2025-09-18T20:47:22.020Z",23.36,23.36
27,"2025-09-18T20:47:22.067Z",1,"Rachna Gupta","rachna948@gmail.com","1577","t05dp4","https://aiskillshouse.com/student/qr-mediator.html?uid=50&promptId=13","2025-09-18T20:46:58.664Z","2025-09-18T20:47:22.067Z",23.4,23.40
28,"2025-09-18T20:47:22.083Z",1,"Kavya Mitra","kavya939@gmail.com","3181","l036o0","https://aiskillshouse.com/student/qr-mediator.html?uid=50&promptId=14","2025-09-18T20:46:58.664Z","2025-09-18T20:47:22.083Z",23.42,23.42
29,"2025-09-18T20:47:45.571Z",2,"Devesh Gandhi","devesh520@gmail.com","6071","r56scl","https://aiskillshouse.com/student/qr-mediator.html?uid=50&promptId=16","2025-09-18T20:47:23.715Z","2025-09-18T20:47:45.571Z",21.86,21.86
30,"2025-09-18T20:47:46.033Z",2,"Sandeep Subramanian","sandeep725@gmail.com","3480","ux903i","https://aiskillshouse.com/student/qr-mediator.html?uid=50&promptId=13","2025-09-18T20:47:24.429Z","2025-09-18T20:47:46.032Z",21.6,21.60
31,"2025-09-18T20:47:46.635Z",2,"Ashok Sarkar","ashok155@gmail.com","8681","xpa9ph","https://aiskillshouse.com/student/qr-mediator.html?uid=50&promptId=15","2025-09-18T20:47:24.821Z","2025-09-18T20:47:46.635Z",21.81,21.81
32,"2025-09-18T20:47:46.884Z",2,"Tarun Sastry","tarun670@gmail.com","1346","uwinal","https://aiskillshouse.com/student/qr-mediator.html?uid=50&promptId=17","2025-09-18T20:47:24.868Z","2025-09-18T20:47:46.883Z",22.02,22.02
33,"2025-09-18T20:47:48.070Z",2,"Chitra Venkatesh","chitra338@gmail.com","7454","zjojrq","https://aiskillshouse.com/student/qr-mediator.html?uid=50&promptId=14","2025-09-18T20:47:24.958Z","2025-09-18T20:47:48.070Z",23.11,23.11
34,"2025-09-18T20:48:10.403Z",3,"Mukesh Ghosh","mukesh214@gmail.com","1997","ya4c49","https://aiskillshouse.com/student/qr-mediator.html?uid=50&promptId=16","2025-09-18T20:47:48.509Z","2025-09-18T20:48:10.402Z",21.89,21.89
35,"2025-09-18T20:48:11.315Z",3,"Amit Krishnan","amit867@gmail.com","8413","6g964c","https://aiskillshouse.com/student/qr-mediator.html?uid=50&promptId=17","2025-09-18T20:47:48.827Z","2025-09-18T20:48:11.315Z",22.49,22.49
36,"2025-09-18T20:48:11.874Z",3,"Pooja Joshi","pooja580@gmail.com","5342","a5w8yy","https://aiskillshouse.com/student/qr-mediator.html?uid=50&promptId=13","2025-09-18T20:47:48.490Z","2025-09-18T20:48:11.874Z",23.38,23.38
37,"2025-09-18T20:48:12.070Z",3,"Deepika Vasani","deepika621@gmail.com","7393","m738lf","https://aiskillshouse.com/student/qr-mediator.html?uid=50&promptId=14","2025-09-18T20:47:49.775Z","2025-09-18T20:48:12.070Z",22.3,22.30
38,"2025-09-18T20:48:25.167Z",4,"Tarun Pillai","tarun424@gmail.com","3292","wehrge","https://aiskillshouse.com/student/qr-mediator.html?uid=50&promptId=15","2025-09-18T20:47:57.772Z","2025-09-18T20:48:25.167Z",27.39,27.39
39,"2025-09-18T20:48:35.689Z",4,"Varun Bansal","varun732@gmail.com","8737","15yct9","https://aiskillshouse.com/student/qr-mediator.html?uid=50&promptId=14","2025-09-18T20:48:13.402Z","2025-09-18T20:48:35.689Z",22.29,22.29
40,"2025-09-18T20:48:36.139Z",4,"Nikhil Chandra","nikhil270@gmail.com","1477","4wwbgj","https://aiskillshouse.com/student/qr-mediator.html?uid=50&promptId=17","2025-09-18T20:48:13.484Z","2025-09-18T20:48:36.139Z",22.66,22.66
41,"2025-09-18T20:48:37.514Z",4,"Yash Tiwari","yash59@gmail.com","9289","ubw9w9","https://aiskillshouse.com/student/qr-mediator.html?uid=50&promptId=13","2025-09-18T20:48:13.901Z","2025-09-18T20:48:37.514Z",23.61,23.61
42,"2025-09-18T20:48:44.719Z",5,"Madhuri Bhardwaj","madhuri638@gmail.com","9277","tdux0s","https://aiskillshouse.com/student/qr-mediator.html?uid=50&promptId=16","2025-09-18T20:48:21.040Z","2025-09-18T20:48:44.719Z",23.68,23.68
43,"2025-09-18T20:48:59.955Z",5,"Disha Raval","disha354@gmail.com","4089","02dgha","https://aiskillshouse.com/student/qr-mediator.html?uid=50&promptId=14","2025-09-18T20:48:38.165Z","2025-09-18T20:48:59.955Z",21.79,21.79
44,"2025-09-18T20:49:00.362Z",5,"Aman Banerjee","aman45@gmail.com","8792","kn868z","https://aiskillshouse.com/student/qr-mediator.html?uid=50&promptId=17","2025-09-18T20:48:38.476Z","2025-09-18T20:49:00.362Z",21.89,21.89
45,"2025-09-18T20:49:02.044Z",5,"Ravi Aggarwal","ravi880@gmail.com","5072","h4zinf","https://aiskillshouse.com/student/qr-mediator.html?uid=50&promptId=13","2025-09-18T20:48:40.468Z","2025-09-18T20:49:02.044Z",21.58,21.58
46,"2025-09-18T20:49:28.282Z",1,"Chhaya Khanna","chhaya246@gmail.com","4972","qxpon9","https://aiskillshouse.com/student/qr-mediator.html?uid=50&promptId=15","2025-09-18T20:49:06.172Z","2025-09-18T20:49:28.281Z",22.11,22.11
47,"2025-09-18T20:49:28.873Z",1,"Ravi Sen","ravi164@gmail.com","6328","bqgfi4","https://aiskillshouse.com/student/qr-mediator.html?uid=50&promptId=14","2025-09-18T20:49:06.172Z","2025-09-18T20:49:28.873Z",22.7,22.70
48,"2025-09-18T20:49:29.445Z",1,"Meera Chowdhury","meera87@gmail.com","2704","e7edkv","https://aiskillshouse.com/student/qr-mediator.html?uid=50&promptId=16","2025-09-18T20:49:06.172Z","2025-09-18T20:49:29.445Z",23.27,23.27
49,"2025-09-18T20:49:43.001Z",3,"Vikram Pillai","vikram818@gmail.com","6145","axv4j8","https://aiskillshouse.com/student/qr-mediator.html?uid=50&promptId=13","2025-09-18T20:49:26.700Z","2025-09-18T20:49:43.001Z",16.3,16.30
50,"2025-09-18T20:49:49.016Z",3,"Kavya Bose","kavya715@gmail.com","4667","snlw5a","https://aiskillshouse.com/student/qr-mediator.html?uid=50&promptId=17","2025-09-18T20:49:27.690Z","2025-09-18T20:49:49.016Z",21.33,21.33
51,"2025-09-18T20:49:55.491Z",2,"Ravi Wadhwa","ravi570@gmail.com","8158","nzm7d2","https://aiskillshouse.com/student/qr-mediator.html?uid=50&promptId=16","2025-09-18T20:49:31.490Z","2025-09-18T20:49:55.491Z",24,24.00
52,"2025-09-18T20:49:56.298Z",2,"Kalpana Subramanian","kalpana776@gmail.com","8934","36aki6","https://aiskillshouse.com/student/qr-mediator.html?uid=50&promptId=15","2025-09-18T20:49:30.585Z","2025-09-18T20:49:56.298Z",25.71,25.71
53,"2025-09-18T20:50:07.847Z",4,"Lalita Bhatt","lalita990@gmail.com","2894","s7qyy6","https://aiskillshouse.com/student/qr-mediator.html?uid=50&promptId=13","2025-09-18T20:49:44.171Z","2025-09-18T20:50:07.847Z",23.68,23.68
54,"2025-09-18T20:50:13.001Z",4,"Anjali Sethi","anjali406@gmail.com","7687","w42brr","https://aiskillshouse.com/student/qr-mediator.html?uid=50&promptId=17","2025-09-18T20:49:50.342Z","2025-09-18T20:50:13.001Z",22.66,22.66
55,"2025-09-18T20:50:19.961Z",4,"Pooja Banerjee","pooja405@gmail.com","3579","5e2eh9","https://aiskillshouse.com/student/qr-mediator.html?uid=50&promptId=14","2025-09-18T20:49:57.433Z","2025-09-18T20:50:19.961Z",22.53,22.53
56,"2025-09-18T20:50:20.056Z",3,"Vishal Joshi","vishal116@gmail.com","2823","nz59zl","https://aiskillshouse.com/student/qr-mediator.html?uid=50&promptId=16","2025-09-18T20:49:58.443Z","2025-09-18T20:50:20.056Z",21.61,21.61
57,"2025-09-18T20:50:22.268Z",3,"Sachin Khanna","sachin649@gmail.com","5181","3brgez","https://aiskillshouse.com/student/qr-mediator.html?uid=50&promptId=15","2025-09-18T20:49:59.338Z","2025-09-18T20:50:22.268Z",22.93,22.93
58,"2025-09-18T20:50:34.008Z",5,"Chhaya Raval","chhaya209@gmail.com","3042","47zuzn","https://aiskillshouse.com/student/qr-mediator.html?uid=50&promptId=13","2025-09-18T20:50:09.789Z","2025-09-18T20:50:34.008Z",24.22,24.22
59,"2025-09-18T20:50:37.027Z",5,"Seema Trivedi","seema654@gmail.com","5554","wydrj1","https://aiskillshouse.com/student/qr-mediator.html?uid=50&promptId=17","2025-09-18T20:50:15.217Z","2025-09-18T20:50:37.027Z",21.81,21.81
60,"2025-09-18T20:50:50.990Z",4,"Hemant Sheth","hemant560@gmail.com","1897","q1cz04","https://aiskillshouse.com/student/qr-mediator.html?uid=50&promptId=15","2025-09-18T20:50:24.027Z","2025-09-18T20:50:50.990Z",26.96,26.96
61,"2025-09-18T20:51:10.197Z",5,"Lalit Kumar","lalit23@gmail.com","7354","moeczs","https://aiskillshouse.com/student/qr-mediator.html?uid=50&promptId=15","2025-09-18T20:50:53.988Z","2025-09-18T20:51:10.197Z",16.21,16.21
62,"2025-09-18T20:51:37.396Z",1,"Meera Bhardwaj","meera943@gmail.com","3097","fkim1v","https://aiskillshouse.com/student/qr-mediator.html?uid=50&promptId=16","2025-09-18T20:51:15.285Z","2025-09-18T20:51:37.396Z",22.11,22.11
63,"2025-09-18T20:51:37.400Z",1,"Sachin Naidu","sachin419@gmail.com","1227","2m2nt6","https://aiskillshouse.com/student/qr-mediator.html?uid=50&promptId=14","2025-09-18T20:51:15.284Z","2025-09-18T20:51:37.400Z",22.12,22.12
64,"2025-09-18T20:51:37.410Z",1,"Rajesh Gupta","rajesh784@gmail.com","6803","sgrqv8","https://aiskillshouse.com/student/qr-mediator.html?uid=50&promptId=13","2025-09-18T20:51:15.284Z","2025-09-18T20:51:37.410Z",22.13,22.13
65,"2025-09-18T20:51:37.667Z",1,"Mohan Trivedi","mohan355@gmail.com","5724","oidmor","https://aiskillshouse.com/student/qr-mediator.html?uid=50&promptId=17","2025-09-18T20:51:15.283Z","2025-09-18T20:51:37.667Z",22.38,22.38
66,"2025-09-18T20:51:37.702Z",1,"Sunil Sheth","sunil14@gmail.com","8978","3tomga","https://aiskillshouse.com/student/qr-mediator.html?uid=50&promptId=15","2025-09-18T20:51:15.285Z","2025-09-18T20:51:37.702Z",22.42,22.42
67,"2025-09-18T20:52:00.689Z",2,"Jatin Mukherjee","jatin91@gmail.com","6647","zs6e81","https://aiskillshouse.com/student/qr-mediator.html?uid=50&promptId=13","2025-09-18T20:51:39.337Z","2025-09-18T20:52:00.689Z",21.35,21.35
68,"2025-09-18T20:52:01.488Z",2,"Sarita Chawla","sarita720@gmail.com","2297","9ec1q6","https://aiskillshouse.com/student/qr-mediator.html?uid=50&promptId=16","2025-09-18T20:51:39.688Z","2025-09-18T20:52:01.488Z",21.8,21.80
69,"2025-09-18T20:52:02.128Z",2,"Ravi Srivastava","ravi44@gmail.com","2508","tsb1t6","https://aiskillshouse.com/student/qr-mediator.html?uid=50&promptId=14","2025-09-18T20:51:40.142Z","2025-09-18T20:52:02.128Z",21.99,21.99
70,"2025-09-18T20:52:15.345Z",3,"Meera Reddy","meera861@gmail.com","4911","3ss9h2","https://aiskillshouse.com/student/qr-mediator.html?uid=50&promptId=15","2025-09-18T20:51:52.704Z","2025-09-18T20:52:15.345Z",22.64,22.64
71,"2025-09-18T20:52:23.439Z",4,"Devesh Vohra","devesh433@gmail.com","4458","rs6vyq","https://aiskillshouse.com/student/qr-mediator.html?uid=50&promptId=17","2025-09-18T20:52:01.115Z","2025-09-18T20:52:23.439Z",22.32,22.32
72,"2025-09-18T20:52:24.004Z",3,"Vikram Bhatt","vikram299@gmail.com","9505","sh5dds","https://aiskillshouse.com/student/qr-mediator.html?uid=50&promptId=13","2025-09-18T20:52:01.954Z","2025-09-18T20:52:24.004Z",22.05,22.05
73,"2025-09-18T20:52:26.037Z",3,"Nisha Gandhi","nisha22@gmail.com","4638","212f37","https://aiskillshouse.com/student/qr-mediator.html?uid=50&promptId=14","2025-09-18T20:52:04.495Z","2025-09-18T20:52:26.037Z",21.54,21.54
74,"2025-09-18T20:52:26.710Z",3,"Hemlata Kapoor","hemlata437@gmail.com","8273","a45whl","https://aiskillshouse.com/student/qr-mediator.html?uid=50&promptId=16","2025-09-18T20:52:02.730Z","2025-09-18T20:52:26.710Z",23.98,23.98
75,"2025-09-18T20:52:39.438Z",4,"Ashok Gupta","ashok977@gmail.com","6144","72eabv","https://aiskillshouse.com/student/qr-mediator.html?uid=50&promptId=15","2025-09-18T20:52:16.799Z","2025-09-18T20:52:39.438Z",22.64,22.64
76,"2025-09-18T20:52:48.906Z",5,"Tarun Verma","tarun773@gmail.com","9147","5ril52","https://aiskillshouse.com/student/qr-mediator.html?uid=50&promptId=17","2025-09-18T20:52:25.107Z","2025-09-18T20:52:48.906Z",23.8,23.80
77,"2025-09-18T20:52:49.034Z",4,"Ramesh Oberoi","ramesh393@gmail.com","5197","bat2p0","https://aiskillshouse.com/student/qr-mediator.html?uid=50&promptId=13","2025-09-18T20:52:26.264Z","2025-09-18T20:52:49.034Z",22.77,22.77
78,"2025-09-18T20:52:49.906Z",4,"Rachna Khurana","rachna799@gmail.com","9860","5ckspp","https://aiskillshouse.com/student/qr-mediator.html?uid=50&promptId=14","2025-09-18T20:52:27.325Z","2025-09-18T20:52:49.906Z",22.58,22.58
79,"2025-09-18T20:53:06.942Z",5,"Rina Thakkar","rina11@gmail.com","6331","8bjthb","https://aiskillshouse.com/student/qr-mediator.html?uid=50&promptId=16","2025-09-18T20:52:39.143Z","2025-09-18T20:53:06.942Z",27.8,27.80
80,"2025-09-18T20:53:20.378Z",5,"Vishal Chokshi","vishal121@gmail.com","5967","6sbs9n","https://aiskillshouse.com/student/qr-mediator.html?uid=50&promptId=14","2025-09-18T20:52:52.299Z","2025-09-18T20:53:20.378Z",28.08,28.08
81,"2025-09-18T20:53:47.562Z",1,"Yamini Vora","yamini478@gmail.com","5536","0a7c3y","https://aiskillshouse.com/student/qr-mediator.html?uid=50&promptId=17","2025-09-18T20:53:25.222Z","2025-09-18T20:53:47.562Z",22.34,22.34
82,"2025-09-18T20:53:47.596Z",1,"Yash Varma","yash841@gmail.com","3360","d57pv9","https://aiskillshouse.com/student/qr-mediator.html?uid=50&promptId=14","2025-09-18T20:53:25.223Z","2025-09-18T20:53:47.596Z",22.37,22.37
83,"2025-09-18T20:53:48.174Z",1,"Manish Thakur","manish137@gmail.com","1510","8nqhhh","https://aiskillshouse.com/student/qr-mediator.html?uid=50&promptId=16","2025-09-18T20:53:25.223Z","2025-09-18T20:53:48.174Z",22.95,22.95
84,"2025-09-18T20:53:48.261Z",1,"Radha Pandey","radha849@gmail.com","8969","iuezlx","https://aiskillshouse.com/student/qr-mediator.html?uid=50&promptId=15","2025-09-18T20:53:25.223Z","2025-09-18T20:53:48.261Z",23.04,23.04
85,"2025-09-18T20:53:48.522Z",1,"Mukesh Modi","mukesh736@gmail.com","7585","nv201i","https://aiskillshouse.com/student/qr-mediator.html?uid=50&promptId=13","2025-09-18T20:53:25.222Z","2025-09-18T20:53:48.522Z",23.3,23.30
86,"2025-09-18T20:54:10.295Z",2,"Chhaya Agarwal","chhaya839@gmail.com","5319","aurws7","https://aiskillshouse.com/student/qr-mediator.html?uid=50&promptId=17","2025-09-18T20:53:49.034Z","2025-09-18T20:54:10.295Z",21.26,21.26
87,"2025-09-18T20:54:11.786Z",2,"Rekha Yadav","rekha475@gmail.com","5927","v00sr5","https://aiskillshouse.com/student/qr-mediator.html?uid=50&promptId=14","2025-09-18T20:53:50.133Z","2025-09-18T20:54:11.786Z",21.65,21.65
88,"2025-09-18T20:54:11.839Z",2,"Vidya Chakraborty","vidya303@gmail.com","1645","rjl3r3","https://aiskillshouse.com/student/qr-mediator.html?uid=50&promptId=16","2025-09-18T20:53:49.427Z","2025-09-18T20:54:11.839Z",22.41,22.41
89,"2025-09-18T20:54:12.641Z",2,"Sunita Wadhwa","sunita427@gmail.com","1042","gswzn7","https://aiskillshouse.com/student/qr-mediator.html?uid=50&promptId=15","2025-09-18T20:53:51.140Z","2025-09-18T20:54:12.641Z",21.5,21.50
90,"2025-09-18T20:54:13.985Z",2,"Nidhi Oberoi","nidhi453@gmail.com","6094","dzyg5c","https://aiskillshouse.com/student/qr-mediator.html?uid=50&promptId=13","2025-09-18T20:53:51.538Z","2025-09-18T20:54:13.985Z",22.45,22.45
91,"2025-09-18T20:54:35.535Z",3,"Deepika Joshi","deepika373@gmail.com","9025","vy4wge","https://aiskillshouse.com/student/qr-mediator.html?uid=50&promptId=17","2025-09-18T20:54:12.467Z","2025-09-18T20:54:35.535Z",23.07,23.07
92,"2025-09-18T20:54:40.618Z",3,"Yash Dhawan","yash708@gmail.com","7852","b8rdoz","https://aiskillshouse.com/student/qr-mediator.html?uid=50&promptId=14","2025-09-18T20:54:13.385Z","2025-09-18T20:54:40.618Z",27.23,27.23
93,"2025-09-18T20:54:45.337Z",3,"Rohit Sarkar","rohit242@gmail.com","6439","bxx30j","https://aiskillshouse.com/student/qr-mediator.html?uid=50&promptId=13","2025-09-18T20:54:15.163Z","2025-09-18T20:54:45.337Z",30.17,30.17
94,"2025-09-18T20:54:48.152Z",3,"Deepti Verma","deepti615@gmail.com","8350","sguzru","https://aiskillshouse.com/student/qr-mediator.html?uid=50&promptId=16","2025-09-18T20:54:14.536Z","2025-09-18T20:54:48.152Z",33.62,33.62
95,"2025-09-18T20:54:50.903Z",3,"Manoj Saxena","manoj477@gmail.com","2111","rfmd5w","https://aiskillshouse.com/student/qr-mediator.html?uid=50&promptId=15","2025-09-18T20:54:14.224Z","2025-09-18T20:54:50.903Z",36.68,36.68
96,"2025-09-18T20:55:14.521Z",4,"Yash Naidu","yash507@gmail.com","6373","lksprm","https://aiskillshouse.com/student/qr-mediator.html?uid=50&promptId=14","2025-09-18T20:54:41.864Z","2025-09-18T20:55:14.521Z",32.66,32.66
97,"2025-09-18T20:55:16.054Z",4,"Geeta Sethi","geeta436@gmail.com","6925","3a3zt4","https://aiskillshouse.com/student/qr-mediator.html?uid=50&promptId=17","2025-09-18T20:54:37.133Z","2025-09-18T20:55:16.054Z",38.92,38.92
98,"2025-09-18T20:55:19.553Z",4,"Sunil Mahajan","sunil124@gmail.com","8794","ue6a7f","https://aiskillshouse.com/student/qr-mediator.html?uid=50&promptId=13","2025-09-18T20:54:47.164Z","2025-09-18T20:55:19.553Z",32.39,32.39
99,"2025-09-18T20:55:24.519Z",4,"Vidya Naidu","vidya350@gmail.com","1844","370eds","https://aiskillshouse.com/student/qr-mediator.html?uid=50&promptId=16","2025-09-18T20:54:51.225Z","2025-09-18T20:55:24.519Z",33.29,33.29
100,"2025-09-18T20:55:37.130Z",4,"Ajay Krishnan","ajay17@gmail.com","8243","qemd8l","https://aiskillshouse.com/student/qr-mediator.html?uid=50&promptId=15","2025-09-18T20:54:53.409Z","2025-09-18T20:55:37.130Z",43.72,43.72
101,"2025-09-18T20:55:40.686Z",5,"Amit Sen","amit949@gmail.com","8056","hpjyzk","https://aiskillshouse.com/student/qr-mediator.html?uid=50&promptId=17","2025-09-18T20:55:17.738Z","2025-09-18T20:55:40.686Z",22.95,22.95
102,"2025-09-18T20:55:40.784Z",5,"Bharti Bhattacharya","bharti849@gmail.com","1634","87x1qn","https://aiskillshouse.com/student/qr-mediator.html?uid=50&promptId=14","2025-09-18T20:55:17.486Z","2025-09-18T20:55:40.784Z",23.3,23.30
103,"2025-09-18T20:55:45.287Z",5,"Pankaj Joshi","pankaj471@gmail.com","7598","xe1wb6","https://aiskillshouse.com/student/qr-mediator.html?uid=50&promptId=13","2025-09-18T20:55:20.819Z","2025-09-18T20:55:45.287Z",24.47,24.47
1,"2025-09-18T21:10:08.551Z",1,"Ajay Tandon","ajay30@gmail.com","5890","33h19i","https://aiskillshouse.com/student/qr-mediator.html?uid=50&promptId=16","2025-09-18T21:09:45.961Z","2025-09-18T21:10:08.550Z",22.59,22.59
2,"2025-09-18T21:10:09.107Z",1,"Swati Yadav","swati196@gmail.com","1834","uoankw","https://aiskillshouse.com/student/qr-mediator.html?uid=50&promptId=14","2025-09-18T21:09:45.961Z","2025-09-18T21:10:09.107Z",23.15,23.15
3,"2025-09-18T21:10:09.107Z",1,"Kavya Arora","kavya165@gmail.com","4475","llmsuo","https://aiskillshouse.com/student/qr-mediator.html?uid=50&promptId=15","2025-09-18T21:09:45.961Z","2025-09-18T21:10:09.107Z",23.15,23.15
4,"2025-09-18T21:10:10.554Z",1,"Rakesh Modi","rakesh839@gmail.com","2428","on2pq6","https://aiskillshouse.com/student/qr-mediator.html?uid=50&promptId=17","2025-09-18T21:09:45.960Z","2025-09-18T21:10:10.554Z",24.59,24.59
5,"2025-09-18T21:10:19.782Z",2,"Yamini Sachdeva","yamini910@gmail.com","1320","2sntj3","https://aiskillshouse.com/student/qr-mediator.html?uid=50&promptId=13","2025-09-18T21:09:58.044Z","2025-09-18T21:10:19.782Z",21.74,21.74
6,"2025-09-18T21:10:31.743Z",2,"Kiran Reddy","kiran246@gmail.com","3283","qo4x7l","https://aiskillshouse.com/student/qr-mediator.html?uid=50&promptId=15","2025-09-18T21:10:10.455Z","2025-09-18T21:10:31.743Z",21.29,21.29
7,"2025-09-18T21:10:32.814Z",2,"Meera Bhatia","meera197@gmail.com","8288","8bx0co","https://aiskillshouse.com/student/qr-mediator.html?uid=50&promptId=14","2025-09-18T21:10:11.443Z","2025-09-18T21:10:32.814Z",21.37,21.37
8,"2025-09-18T21:10:33.470Z",2,"Vivek Iyer","vivek556@gmail.com","6316","o1drak","https://aiskillshouse.com/student/qr-mediator.html?uid=50&promptId=16","2025-09-18T21:10:11.480Z","2025-09-18T21:10:33.470Z",21.99,21.99
9,"2025-09-18T21:10:33.937Z",2,"Pooja Kamath","pooja182@gmail.com","6131","7q931b","https://aiskillshouse.com/student/qr-mediator.html?uid=50&promptId=17","2025-09-18T21:10:12.595Z","2025-09-18T21:10:33.937Z",21.34,21.34
10,"2025-09-18T21:10:49.090Z",3,"Hemlata Gupta","hemlata468@gmail.com","6506","jagosl","https://aiskillshouse.com/student/qr-mediator.html?uid=50&promptId=13","2025-09-18T21:10:22.929Z","2025-09-18T21:10:49.089Z",26.16,26.16
11,"2025-09-18T21:10:56.781Z",3,"Harsh Mitra","harsh547@gmail.com","3147","59saj4","https://aiskillshouse.com/student/qr-mediator.html?uid=50&promptId=14","2025-09-18T21:10:34.101Z","2025-09-18T21:10:56.781Z",22.68,22.68
12,"2025-09-18T21:11:02.376Z",4,"Divya Dhawan","divya784@gmail.com","6508","wa5pp6","https://aiskillshouse.com/student/qr-mediator.html?uid=50&promptId=17","2025-09-18T21:10:46.006Z","2025-09-18T21:11:02.376Z",16.37,16.37
13,"2025-09-18T21:11:06.619Z",4,"Jatin Chowdhury","jatin56@gmail.com","4075","ciy45v","https://aiskillshouse.com/student/qr-mediator.html?uid=50&promptId=15","2025-09-18T21:10:45.105Z","2025-09-18T21:11:06.619Z",21.51,21.51
14,"2025-09-18T21:11:10.537Z",4,"Tarun Verma","tarun314@gmail.com","6742","llnres","https://aiskillshouse.com/student/qr-mediator.html?uid=50&promptId=16","2025-09-18T21:10:48.798Z","2025-09-18T21:11:10.537Z",21.74,21.74
15,"2025-09-18T21:11:15.282Z",4,"Harsh Vora","harsh13@gmail.com","5412","64xk7j","https://aiskillshouse.com/student/qr-mediator.html?uid=50&promptId=13","2025-09-18T21:10:52.107Z","2025-09-18T21:11:15.282Z",23.18,23.18
16,"2025-09-18T21:11:25.825Z",4,"Ramesh Pandey","ramesh654@gmail.com","6103","ypzf34","https://aiskillshouse.com/student/qr-mediator.html?uid=50&promptId=14","2025-09-18T21:10:59.118Z","2025-09-18T21:11:25.825Z",26.71,26.71
17,"2025-09-18T21:11:26.159Z",5,"Alka Desai","alka666@gmail.com","3887","ul792z","https://aiskillshouse.com/student/qr-mediator.html?uid=50&promptId=17","2025-09-18T21:11:04.602Z","2025-09-18T21:11:26.159Z",21.56,21.56
18,"2025-09-18T21:11:33.669Z",5,"Ashok Pal","ashok838@gmail.com","4109","0ya7ti","https://aiskillshouse.com/student/qr-mediator.html?uid=50&promptId=15","2025-09-18T21:11:09.124Z","2025-09-18T21:11:33.669Z",24.55,24.55
19,"2025-09-18T21:11:37.821Z",5,"Satish Bhattacharya","satish516@gmail.com","9054","65tx45","https://aiskillshouse.com/student/qr-mediator.html?uid=50&promptId=16","2025-09-18T21:11:13.169Z","2025-09-18T21:11:37.821Z",24.65,24.65
20,"2025-09-18T21:11:52.668Z",5,"Sanjay Kulkarni","sanjay684@gmail.com","3529","sto7tn","https://aiskillshouse.com/student/qr-mediator.html?uid=50&promptId=14","2025-09-18T21:11:27.365Z","2025-09-18T21:11:52.668Z",25.3,25.30
21,"2025-09-18T21:12:19.501Z",1,"Sandeep Goyal","sandeep103@gmail.com","5357","qkgxvf","https://aiskillshouse.com/student/qr-mediator.html?uid=50&promptId=13","2025-09-18T21:11:57.230Z","2025-09-18T21:12:19.501Z",22.27,22.27
22,"2025-09-18T21:12:20.780Z",1,"Umesh Das","umesh470@gmail.com","8049","bu57vx","https://aiskillshouse.com/student/qr-mediator.html?uid=50&promptId=16","2025-09-18T21:11:57.230Z","2025-09-18T21:12:20.780Z",23.55,23.55
23,"2025-09-18T21:12:20.802Z",1,"Deepti Mahajan","deepti975@gmail.com","4835","mf9n0j","https://aiskillshouse.com/student/qr-mediator.html?uid=50&promptId=17","2025-09-18T21:11:57.229Z","2025-09-18T21:12:20.802Z",23.57,23.57
24,"2025-09-18T21:12:22.344Z",1,"Naveen Verma","naveen146@gmail.com","5651","bbh6t5","https://aiskillshouse.com/student/qr-mediator.html?uid=50&promptId=14","2025-09-18T21:11:57.230Z","2025-09-18T21:12:22.343Z",25.11,25.11
25,"2025-09-18T21:12:35.486Z",2,"Naveen Mukherjee","naveen838@gmail.com","6922","9fa16j","https://aiskillshouse.com/student/qr-mediator.html?uid=50&promptId=15","2025-09-18T21:12:07.929Z","2025-09-18T21:12:35.486Z",27.56,27.56
26,"2025-09-18T21:12:43.186Z",2,"Rachna Parikh","rachna17@gmail.com","5605","8j0ix0","https://aiskillshouse.com/student/qr-mediator.html?uid=50&promptId=13","2025-09-18T21:12:21.982Z","2025-09-18T21:12:43.186Z",21.2,21.20
27,"2025-09-18T21:13:11.892Z",3,"Vivek Wadhwa","vivek185@gmail.com","7988","llu9a1","https://aiskillshouse.com/student/qr-mediator.html?uid=50&promptId=15","2025-09-18T21:12:37.432Z","2025-09-18T21:13:11.892Z",34.46,34.46
28,"2025-09-18T21:13:17.019Z",3,"Disha Verma","disha272@gmail.com","2956","gc7g04","https://aiskillshouse.com/student/qr-mediator.html?uid=50&promptId=14","2025-09-18T21:12:40.063Z","2025-09-18T21:13:17.019Z",36.96,36.96
29,"2025-09-18T21:13:21.103Z",3,"Kiran Yadav","kiran936@gmail.com","7400","y6f6h4","https://aiskillshouse.com/student/qr-mediator.html?uid=50&promptId=13","2025-09-18T21:12:44.957Z","2025-09-18T21:13:21.103Z",36.15,36.15
30,"2025-09-18T21:13:21.835Z",3,"Disha Raman","disha310@gmail.com","3252","n4xwo3","https://aiskillshouse.com/student/qr-mediator.html?uid=50&promptId=16","2025-09-18T21:12:48.122Z","2025-09-18T21:13:21.835Z",33.71,33.71
31,"2025-09-18T21:13:23.902Z",3,"Hemlata Nair","hemlata770@gmail.com","4133","xreb9k","https://aiskillshouse.com/student/qr-mediator.html?uid=50&promptId=17","2025-09-18T21:12:48.100Z","2025-09-18T21:13:23.902Z",35.8,35.80
32,"2025-09-18T21:13:44.002Z",4,"Ajay Desai","ajay238@gmail.com","7441","8yvwig","https://aiskillshouse.com/student/qr-mediator.html?uid=50&promptId=15","2025-09-18T21:13:14.123Z","2025-09-18T21:13:44.002Z",29.88,29.88
33,"2025-09-18T21:13:45.335Z",4,"Arjun Naidu","arjun996@gmail.com","4469","lqu6i3","https://aiskillshouse.com/student/qr-mediator.html?uid=50&promptId=14","2025-09-18T21:13:18.364Z","2025-09-18T21:13:45.335Z",26.97,26.97
34,"2025-09-18T21:13:46.302Z",4,"Anupam Saxena","anupam775@gmail.com","2963","2fdzww","https://aiskillshouse.com/student/qr-mediator.html?uid=50&promptId=13","2025-09-18T21:13:23.094Z","2025-09-18T21:13:46.302Z",23.21,23.21
35,"2025-09-18T21:13:48.302Z",4,"Geeta Bose","geeta333@gmail.com","7432","p5qmep","https://aiskillshouse.com/student/qr-mediator.html?uid=50&promptId=16","2025-09-18T21:13:24.607Z","2025-09-18T21:13:48.302Z",23.7,23.70
36,"2025-09-18T21:13:50.353Z",4,"Mukesh Singh","mukesh316@gmail.com","4520","qmf7gl","https://aiskillshouse.com/student/qr-mediator.html?uid=50&promptId=17","2025-09-18T21:13:26.190Z","2025-09-18T21:13:50.353Z",24.16,24.16
37,"2025-09-18T21:14:10.359Z",5,"Suresh Dey","suresh398@gmail.com","1423","2wszp0","https://aiskillshouse.com/student/qr-mediator.html?uid=50&promptId=13","2025-09-18T21:13:48.144Z","2025-09-18T21:14:10.359Z",22.21,22.21
38,"2025-09-18T21:14:10.412Z",5,"Sapna Parikh","sapna476@gmail.com","4291","wz8gry","https://aiskillshouse.com/student/qr-mediator.html?uid=50&promptId=14","2025-09-18T21:13:47.658Z","2025-09-18T21:14:10.412Z",22.75,22.75
39,"2025-09-18T21:14:10.503Z",5,"Rohit Shenoy","rohit408@gmail.com","8060","8bohrt","https://aiskillshouse.com/student/qr-mediator.html?uid=50&promptId=15","2025-09-18T21:13:46.011Z","2025-09-18T21:14:10.503Z",24.49,24.49
40,"2025-09-18T21:14:12.042Z",5,"Bindu Das","bindu29@gmail.com","8573","0hgr3e","https://aiskillshouse.com/student/qr-mediator.html?uid=50&promptId=16","2025-09-18T21:13:50.428Z","2025-09-18T21:14:12.042Z",21.61,21.61
41,"2025-09-18T21:14:38.710Z",1,"Deepika Deshpande","deepika342@gmail.com","3151","ir3y0h","https://aiskillshouse.com/student/qr-mediator.html?uid=50&promptId=16","2025-09-18T21:14:15.906Z","2025-09-18T21:14:38.710Z",22.8,22.80
42,"2025-09-18T21:14:39.683Z",1,"Bharti Saha","bharti906@gmail.com","2155","8cdyhd","https://aiskillshouse.com/student/qr-mediator.html?uid=50&promptId=15","2025-09-18T21:14:15.906Z","2025-09-18T21:14:39.683Z",23.78,23.78
43,"2025-09-18T21:14:39.685Z",1,"Aditya Raman","aditya361@gmail.com","7321","kfzj41","https://aiskillshouse.com/student/qr-mediator.html?uid=50&promptId=13","2025-09-18T21:14:15.906Z","2025-09-18T21:14:39.685Z",23.78,23.78
44,"2025-09-18T21:14:55.965Z",2,"Aditya Sen","aditya750@gmail.com","5942","v62u5s","https://aiskillshouse.com/student/qr-mediator.html?uid=50&promptId=14","2025-09-18T21:14:30.820Z","2025-09-18T21:14:55.965Z",25.14,25.14
45,"2025-09-18T21:14:57.222Z",2,"Mohan Dalal","mohan234@gmail.com","6277","2c2rn8","https://aiskillshouse.com/student/qr-mediator.html?uid=50&promptId=17","2025-09-18T21:14:27.152Z","2025-09-18T21:14:57.222Z",30.07,30.07
46,"2025-09-18T21:15:05.084Z",2,"Yamini Kumar","yamini689@gmail.com","3892","ea7xk1","https://aiskillshouse.com/student/qr-mediator.html?uid=50&promptId=16","2025-09-18T21:14:40.789Z","2025-09-18T21:15:05.084Z",24.3,24.30
47,"2025-09-18T21:15:07.894Z",2,"Nidhi Paul","nidhi329@gmail.com","1019","qixkfl","https://aiskillshouse.com/student/qr-mediator.html?uid=50&promptId=15","2025-09-18T21:14:42.058Z","2025-09-18T21:15:07.894Z",25.84,25.84
48,"2025-09-18T21:15:08.674Z",2,"Sachin Nair","sachin168@gmail.com","3906","el36k7","https://aiskillshouse.com/student/qr-mediator.html?uid=50&promptId=13","2025-09-18T21:14:41.935Z","2025-09-18T21:15:08.674Z",26.74,26.74
49,"2025-09-18T21:15:20.351Z",3,"Manish Chowdhury","manish560@gmail.com","6051","4lseka","https://aiskillshouse.com/student/qr-mediator.html?uid=50&promptId=14","2025-09-18T21:14:58.492Z","2025-09-18T21:15:20.351Z",21.86,21.86
50,"2025-09-18T21:15:29.725Z",3,"Swati Khanna","swati260@gmail.com","7157","rxfhp7","https://aiskillshouse.com/student/qr-mediator.html?uid=50&promptId=16","2025-09-18T21:15:08.117Z","2025-09-18T21:15:29.725Z",21.61,21.61
51,"2025-09-18T21:15:31.334Z",3,"Deepti Deshpande","deepti413@gmail.com","8672","yorb77","https://aiskillshouse.com/student/qr-mediator.html?uid=50&promptId=15","2025-09-18T21:15:09.824Z","2025-09-18T21:15:31.333Z",21.51,21.51
52,"2025-09-18T21:15:35.527Z",3,"Mukesh Sachdeva","mukesh297@gmail.com","1774","2yazg8","https://aiskillshouse.com/student/qr-mediator.html?uid=50&promptId=13","2025-09-18T21:15:11.421Z","2025-09-18T21:15:35.527Z",24.11,24.11
53,"2025-09-18T21:15:43.727Z",4,"Abhishek Khanna","abhishek508@gmail.com","2782","dx7fe1","https://aiskillshouse.com/student/qr-mediator.html?uid=50&promptId=14","2025-09-18T21:15:21.535Z","2025-09-18T21:15:43.727Z",22.19,22.19
54,"2025-09-18T21:15:50.736Z",5,"Nidhi Ghosh","nidhi319@gmail.com","8872","fhuq7e","https://aiskillshouse.com/student/qr-mediator.html?uid=50&promptId=17","2025-09-18T21:15:25.807Z","2025-09-18T21:15:50.736Z",24.93,24.93
55,"2025-09-18T21:15:57.307Z",4,"Umesh Das","umesh252@gmail.com","1570","wkacwq","https://aiskillshouse.com/student/qr-mediator.html?uid=50&promptId=15","2025-09-18T21:15:33.892Z","2025-09-18T21:15:57.307Z",23.41,23.41
56,"2025-09-18T21:16:03.072Z",4,"Rakesh Sharma","rakesh897@gmail.com","2778","yraj2p","https://aiskillshouse.com/student/qr-mediator.html?uid=50&promptId=13","2025-09-18T21:15:38.651Z","2025-09-18T21:16:03.072Z",24.42,24.42
57,"2025-09-18T21:16:03.219Z",4,"Manish Pandya","manish891@gmail.com","9735","hmu0mp","https://aiskillshouse.com/student/qr-mediator.html?uid=50&promptId=16","2025-09-18T21:15:32.490Z","2025-09-18T21:16:03.219Z",30.73,30.73
58,"2025-09-18T21:16:09.586Z",5,"Vandana Rao","vandana833@gmail.com","2449","ceds7v","https://aiskillshouse.com/student/qr-mediator.html?uid=50&promptId=14","2025-09-18T21:15:46.499Z","2025-09-18T21:16:09.586Z",23.09,23.09
59,"2025-09-18T21:16:22.319Z",5,"Ramesh Iyer","ramesh766@gmail.com","9120","0dzo9x","https://aiskillshouse.com/student/qr-mediator.html?uid=50&promptId=13","2025-09-18T21:16:04.615Z","2025-09-18T21:16:22.319Z",17.7,17.70
60,"2025-09-18T21:16:28.932Z",5,"Vikram Dutta","vikram360@gmail.com","8114","ko1msn","https://aiskillshouse.com/student/qr-mediator.html?uid=50&promptId=16","2025-09-18T21:16:04.599Z","2025-09-18T21:16:28.932Z",24.33,24.33
61,"2025-09-18T21:16:54.648Z",1,"Suresh Chakraborty","suresh767@gmail.com","7757","ry9y1y","https://aiskillshouse.com/student/qr-mediator.html?uid=50&promptId=16","2025-09-18T21:16:32.721Z","2025-09-18T21:16:54.648Z",21.93,21.93
62,"2025-09-18T21:16:54.804Z",1,"Rajesh Chatterjee","rajesh702@gmail.com","5142","0eyt8b","https://aiskillshouse.com/student/qr-mediator.html?uid=50&promptId=14","2025-09-18T21:16:32.721Z","2025-09-18T21:16:54.804Z",22.08,22.08
63,"2025-09-18T21:16:55.064Z",1,"Vikram Zaveri","vikram437@gmail.com","5029","tpa6k8","https://aiskillshouse.com/student/qr-mediator.html?uid=50&promptId=17","2025-09-18T21:16:32.720Z","2025-09-18T21:16:55.064Z",22.34,22.34
64,"2025-09-18T21:16:55.142Z",1,"Pallavi Mitra","pallavi660@gmail.com","2380","8bj7z8","https://aiskillshouse.com/student/qr-mediator.html?uid=50&promptId=13","2025-09-18T21:16:32.721Z","2025-09-18T21:16:55.142Z",22.42,22.42
65,"2025-09-18T21:16:55.550Z",1,"Varun Dalal","varun391@gmail.com","8899","4pls8u","https://aiskillshouse.com/student/qr-mediator.html?uid=50&promptId=15","2025-09-18T21:16:32.722Z","2025-09-18T21:16:55.550Z",22.83,22.83
66,"2025-09-18T21:17:19.069Z",2,"Sachin Krishnan","sachin450@gmail.com","5353","oz4y8m","https://aiskillshouse.com/student/qr-mediator.html?uid=50&promptId=14","2025-09-18T21:16:56.665Z","2025-09-18T21:17:19.069Z",22.4,22.40
67,"2025-09-18T21:17:33.869Z",2,"Preeti Sastry","preeti436@gmail.com","3946","46i5f7","https://aiskillshouse.com/student/qr-mediator.html?uid=50&promptId=13","2025-09-18T21:16:57.631Z","2025-09-18T21:17:33.869Z",36.24,36.24
68,"2025-09-18T21:17:36.370Z",2,"Nidhi Deshpande","nidhi525@gmail.com","6760","ourotq","https://aiskillshouse.com/student/qr-mediator.html?uid=50&promptId=15","2025-09-18T21:16:57.754Z","2025-09-18T21:17:36.370Z",38.62,38.62
69,"2025-09-18T21:17:37.170Z",2,"Tanvi Trivedi","tanvi478@gmail.com","3175","1jrgki","https://aiskillshouse.com/student/qr-mediator.html?uid=50&promptId=17","2025-09-18T21:16:57.536Z","2025-09-18T21:17:37.169Z",39.63,39.63
70,"2025-09-18T21:18:00.704Z",3,"Aman Chokshi","aman68@gmail.com","8087","7h1fnd","https://aiskillshouse.com/student/qr-mediator.html?uid=50&promptId=16","2025-09-18T21:17:29.692Z","2025-09-18T21:18:00.704Z",31.01,31.01
71,"2025-09-18T21:18:02.585Z",3,"Nikhil Deshpande","nikhil916@gmail.com","3597","vp6ud0","https://aiskillshouse.com/student/qr-mediator.html?uid=50&promptId=14","2025-09-18T21:17:21.536Z","2025-09-18T21:18:02.585Z",41.05,41.05
72,"2025-09-18T21:18:08.370Z",3,"Anil Paul","anil596@gmail.com","9981","7ydtw1","https://aiskillshouse.com/student/qr-mediator.html?uid=50&promptId=13","2025-09-18T21:17:35.921Z","2025-09-18T21:18:08.370Z",32.45,32.45
73,"2025-09-18T21:18:12.019Z",3,"Vaishali Gandhi","vaishali678@gmail.com","2861","isnxq0","https://aiskillshouse.com/student/qr-mediator.html?uid=50&promptId=17","2025-09-18T21:17:39.906Z","2025-09-18T21:18:12.019Z",32.11,32.11
74,"2025-09-18T21:18:26.370Z",3,"Vikram Deshpande","vikram51@gmail.com","7630","6vjny2","https://aiskillshouse.com/student/qr-mediator.html?uid=50&promptId=15","2025-09-18T21:17:38.194Z","2025-09-18T21:18:26.370Z",48.18,48.18
75,"2025-09-18T21:18:47.352Z",4,"Aarti Joshi","aarti11@gmail.com","7183","ofta1r","https://aiskillshouse.com/student/qr-mediator.html?uid=50&promptId=16","2025-09-18T21:18:02.379Z","2025-09-18T21:18:47.352Z",44.97,44.97
76,"2025-09-18T21:18:53.187Z",4,"Sandeep Tiwari","sandeep726@gmail.com","8905","mm5f9g","https://aiskillshouse.com/student/qr-mediator.html?uid=50&promptId=14","2025-09-18T21:18:05.670Z","2025-09-18T21:18:53.187Z",47.52,47.52
77,"2025-09-18T21:18:56.069Z",4,"Yash Srivastava","yash121@gmail.com","5316","c5exf5","https://aiskillshouse.com/student/qr-mediator.html?uid=50&promptId=13","2025-09-18T21:18:10.547Z","2025-09-18T21:18:56.069Z",45.52,45.52
